<?xml version="1.0" ?>
<LOG_ROOT>
	<PROJECT NAME="lab5">
		<CBX_INST_ENTRY INSTANCE_NAME="|main|central_arbiter:inst1|LPM_CONSTANT:inst12" CBX_FILE_NAME="lpm_constant_274.tdf"/>
		<CBX_INST_ENTRY INSTANCE_NAME="|main|central_arbiter:inst1|choose_master:inst32|priorities_comparison:inst1|lpm_compare1:inst1|lpm_compare:lpm_compare_component" CBX_FILE_NAME="cmpr_cig.tdf"/>
		<CBX_INST_ENTRY INSTANCE_NAME="|main|central_arbiter:inst1|choose_master:inst32|priorities_comparison:inst2|lpm_compare1:inst|lpm_compare:lpm_compare_component" CBX_FILE_NAME="cmpr_cig.tdf"/>
		<CBX_INST_ENTRY INSTANCE_NAME="|main|central_arbiter:inst1|choose_master:inst32|priorities_comparison:inst|lpm_compare1:inst2|lpm_compare:lpm_compare_component" CBX_FILE_NAME="cmpr_cig.tdf"/>
		<CBX_INST_ENTRY INSTANCE_NAME="|main|master:inst21|lpm_counter2:inst15|lpm_counter:lpm_counter_component" CBX_FILE_NAME="cntr_4pi.tdf"/>
		<CBX_INST_ENTRY INSTANCE_NAME="|main|slave:inst7|lpm_compare0:inst|lpm_compare:lpm_compare_component" CBX_FILE_NAME="cmpr_aig.tdf"/>
		<CBX_INST_ENTRY INSTANCE_NAME="|main|central_arbiter:inst1|LPM_CONSTANT:inst13" CBX_FILE_NAME="lpm_constant_274.tdf"/>
		<CBX_INST_ENTRY INSTANCE_NAME="|main|central_arbiter:inst1|LPM_CONSTANT:inst31" CBX_FILE_NAME="lpm_constant_174.tdf"/>
		<CBX_INST_ENTRY INSTANCE_NAME="|main|central_arbiter:inst1|choose_master:inst32|priorities_comparison:inst1|lpm_compare1:inst2|lpm_compare:lpm_compare_component" CBX_FILE_NAME="cmpr_cig.tdf"/>
		<CBX_INST_ENTRY INSTANCE_NAME="|main|central_arbiter:inst1|choose_master:inst32|priorities_comparison:inst3|lpm_compare1:inst|lpm_compare:lpm_compare_component" CBX_FILE_NAME="cmpr_cig.tdf"/>
		<CBX_INST_ENTRY INSTANCE_NAME="|main|central_arbiter:inst1|choose_master:inst32|priorities_comparison:inst|lpm_compare1:inst3|lpm_compare:lpm_compare_component" CBX_FILE_NAME="cmpr_cig.tdf"/>
		<CBX_INST_ENTRY INSTANCE_NAME="|main|master:inst20|LPM_CONSTANT:inst8" CBX_FILE_NAME="lpm_constant_k84.tdf"/>
		<CBX_INST_ENTRY INSTANCE_NAME="|main|central_arbiter:inst1|BUSMUX:inst16|lpm_mux:$00000" CBX_FILE_NAME="mux_pnc.tdf"/>
		<CBX_INST_ENTRY INSTANCE_NAME="|main|central_arbiter:inst1|BUSMUX:inst34|lpm_mux:$00000" CBX_FILE_NAME="mux_pnc.tdf"/>
		<CBX_INST_ENTRY INSTANCE_NAME="|main|central_arbiter:inst1|LPM_CONSTANT:inst14" CBX_FILE_NAME="lpm_constant_274.tdf"/>
		<CBX_INST_ENTRY INSTANCE_NAME="|main|central_arbiter:inst1|choose_master:inst32|priorities_comparison:inst1|lpm_compare1:inst3|lpm_compare:lpm_compare_component" CBX_FILE_NAME="cmpr_cig.tdf"/>
		<CBX_INST_ENTRY INSTANCE_NAME="|main|central_arbiter:inst1|choose_master:inst32|priorities_comparison:inst3|lpm_compare1:inst1|lpm_compare:lpm_compare_component" CBX_FILE_NAME="cmpr_cig.tdf"/>
		<CBX_INST_ENTRY INSTANCE_NAME="|main|central_arbiter:inst1|choose_master:inst32|priorities_comparison:inst4|lpm_compare1:inst|lpm_compare:lpm_compare_component" CBX_FILE_NAME="cmpr_cig.tdf"/>
		<CBX_INST_ENTRY INSTANCE_NAME="|main|central_arbiter:inst1|lpm_compare2:inst|lpm_compare:lpm_compare_component" CBX_FILE_NAME="cmpr_cmj.tdf"/>
		<CBX_INST_ENTRY INSTANCE_NAME="|main|master:inst23|lpm_counter2:inst15|lpm_counter:lpm_counter_component" CBX_FILE_NAME="cntr_4pi.tdf"/>
		<CBX_INST_ENTRY INSTANCE_NAME="|main|central_arbiter:inst1|LPM_CONSTANT:inst33" CBX_FILE_NAME="lpm_constant_g84.tdf"/>
		<CBX_INST_ENTRY INSTANCE_NAME="|main|central_arbiter:inst1|choose_master:inst32|priorities_comparison:inst3|lpm_compare1:inst2|lpm_compare:lpm_compare_component" CBX_FILE_NAME="cmpr_cig.tdf"/>
		<CBX_INST_ENTRY INSTANCE_NAME="|main|master:inst19|lpm_counter3:inst10|lpm_counter:lpm_counter_component" CBX_FILE_NAME="cntr_tvi.tdf"/>
		<CBX_INST_ENTRY INSTANCE_NAME="|main|master:inst24|lpm_counter2:inst15|lpm_counter:lpm_counter_component" CBX_FILE_NAME="cntr_4pi.tdf"/>
		<CBX_INST_ENTRY INSTANCE_NAME="|main|central_arbiter:inst1|choose_master:inst32|priorities_comparison:inst3|lpm_compare1:inst3|lpm_compare:lpm_compare_component" CBX_FILE_NAME="cmpr_cig.tdf"/>
		<CBX_INST_ENTRY INSTANCE_NAME="|main|central_arbiter:inst1|BUSMUX:inst28|lpm_mux:$00000" CBX_FILE_NAME="mux_pnc.tdf"/>
		<CBX_INST_ENTRY INSTANCE_NAME="|main|master:inst24|LPM_CONSTANT:inst8" CBX_FILE_NAME="lpm_constant_n84.tdf"/>
		<CBX_INST_ENTRY INSTANCE_NAME="|main|central_arbiter:inst1|BUSMUX:inst38|lpm_mux:$00000" CBX_FILE_NAME="mux_rnc.tdf"/>
		<CBX_INST_ENTRY INSTANCE_NAME="|main|master:inst20|BUSMUX:inst|lpm_mux:$00000" CBX_FILE_NAME="mux_nnc.tdf"/>
		<CBX_INST_ENTRY INSTANCE_NAME="|main|master:inst20|lpm_compare6:inst14|lpm_compare:lpm_compare_component" CBX_FILE_NAME="cmpr_aig.tdf"/>
		<CBX_INST_ENTRY INSTANCE_NAME="|main|master:inst21|lpm_compare6:inst14|lpm_compare:lpm_compare_component" CBX_FILE_NAME="cmpr_aig.tdf"/>
		<CBX_INST_ENTRY INSTANCE_NAME="|main|slave:inst|lpm_compare0:inst|lpm_compare:lpm_compare_component" CBX_FILE_NAME="cmpr_aig.tdf"/>
		<CBX_INST_ENTRY INSTANCE_NAME="|main|master:inst19|LPM_CONSTANT:inst18" CBX_FILE_NAME="lpm_constant_374.tdf"/>
		<CBX_INST_ENTRY INSTANCE_NAME="|main|master:inst19|lpm_add_sub3:inst20|lpm_add_sub:lpm_add_sub_component" CBX_FILE_NAME="add_sub_2ph.tdf"/>
		<CBX_INST_ENTRY INSTANCE_NAME="|main|master:inst23|BUSMUX:inst|lpm_mux:$00000" CBX_FILE_NAME="mux_nnc.tdf"/>
		<CBX_INST_ENTRY INSTANCE_NAME="|main|master:inst23|lpm_compare6:inst14|lpm_compare:lpm_compare_component" CBX_FILE_NAME="cmpr_aig.tdf"/>
		<CBX_INST_ENTRY INSTANCE_NAME="|main|slave:inst|LPM_CONSTANT:inst4" CBX_FILE_NAME="lpm_constant_174.tdf"/>
		<CBX_INST_ENTRY INSTANCE_NAME="|main|central_arbiter:inst1|lpm_compare7:inst4|lpm_compare:lpm_compare_component" CBX_FILE_NAME="cmpr_1ri.tdf"/>
		<CBX_INST_ENTRY INSTANCE_NAME="|main|master:inst19|lpm_add_sub2:inst13|lpm_add_sub:lpm_add_sub_component" CBX_FILE_NAME="add_sub_toh.tdf"/>
		<CBX_INST_ENTRY INSTANCE_NAME="|main|master:inst20|lpm_counter3:inst10|lpm_counter:lpm_counter_component" CBX_FILE_NAME="cntr_tvi.tdf"/>
		<CBX_INST_ENTRY INSTANCE_NAME="|main|master:inst23|BUSMUX:inst1|lpm_mux:$00000" CBX_FILE_NAME="mux_nnc.tdf"/>
		<CBX_INST_ENTRY INSTANCE_NAME="|main|master:inst24|BUSMUX:inst|lpm_mux:$00000" CBX_FILE_NAME="mux_nnc.tdf"/>
		<CBX_INST_ENTRY INSTANCE_NAME="|main|master:inst24|lpm_compare6:inst14|lpm_compare:lpm_compare_component" CBX_FILE_NAME="cmpr_aig.tdf"/>
		<CBX_INST_ENTRY INSTANCE_NAME="|main|slave:inst2|lpm_compare0:inst|lpm_compare:lpm_compare_component" CBX_FILE_NAME="cmpr_aig.tdf"/>
		<CBX_INST_ENTRY INSTANCE_NAME="|main|master:inst21|lpm_counter3:inst10|lpm_counter:lpm_counter_component" CBX_FILE_NAME="cntr_tvi.tdf"/>
		<CBX_INST_ENTRY INSTANCE_NAME="|main|master:inst24|BUSMUX:inst1|lpm_mux:$00000" CBX_FILE_NAME="mux_nnc.tdf"/>
		<CBX_INST_ENTRY INSTANCE_NAME="|main|slave:inst2|LPM_CONSTANT:inst4" CBX_FILE_NAME="lpm_constant_474.tdf"/>
		<CBX_INST_ENTRY INSTANCE_NAME="|main|slave:inst3|lpm_compare0:inst|lpm_compare:lpm_compare_component" CBX_FILE_NAME="cmpr_aig.tdf"/>
		<CBX_INST_ENTRY INSTANCE_NAME="|main|central_arbiter:inst1|BUSMUX:inst20|lpm_mux:$00000" CBX_FILE_NAME="mux_pnc.tdf"/>
		<CBX_INST_ENTRY INSTANCE_NAME="|main|slave:inst3|LPM_CONSTANT:inst4" CBX_FILE_NAME="lpm_constant_374.tdf"/>
		<CBX_INST_ENTRY INSTANCE_NAME="|main|slave:inst4|lpm_compare0:inst|lpm_compare:lpm_compare_component" CBX_FILE_NAME="cmpr_aig.tdf"/>
		<CBX_INST_ENTRY INSTANCE_NAME="|main|central_arbiter:inst1|BUSMUX:inst30|lpm_mux:$00000" CBX_FILE_NAME="mux_pnc.tdf"/>
		<CBX_INST_ENTRY INSTANCE_NAME="|main|central_arbiter:inst1|choose_master:inst32|priorities_comparison:inst|lpm_compare1:inst|lpm_compare:lpm_compare_component" CBX_FILE_NAME="cmpr_cig.tdf"/>
		<CBX_INST_ENTRY INSTANCE_NAME="|main|central_arbiter:inst1|lpm_counter0:inst3|lpm_counter:lpm_counter_component" CBX_FILE_NAME="cntr_i4i.tdf"/>
		<CBX_INST_ENTRY INSTANCE_NAME="|main|master:inst23|lpm_counter3:inst10|lpm_counter:lpm_counter_component" CBX_FILE_NAME="cntr_tvi.tdf"/>
		<CBX_INST_ENTRY INSTANCE_NAME="|main|slave:inst4|LPM_CONSTANT:inst4" CBX_FILE_NAME="lpm_constant_274.tdf"/>
		<CBX_INST_ENTRY INSTANCE_NAME="|main|slave:inst5|lpm_compare0:inst|lpm_compare:lpm_compare_component" CBX_FILE_NAME="cmpr_aig.tdf"/>
		<CBX_INST_ENTRY INSTANCE_NAME="|main|central_arbiter:inst1|LPM_CONSTANT:inst11" CBX_FILE_NAME="lpm_constant_274.tdf"/>
		<CBX_INST_ENTRY INSTANCE_NAME="|main|central_arbiter:inst1|choose_master:inst32|priorities_comparison:inst1|lpm_compare1:inst|lpm_compare:lpm_compare_component" CBX_FILE_NAME="cmpr_cig.tdf"/>
		<CBX_INST_ENTRY INSTANCE_NAME="|main|central_arbiter:inst1|choose_master:inst32|priorities_comparison:inst|lpm_compare1:inst1|lpm_compare:lpm_compare_component" CBX_FILE_NAME="cmpr_cig.tdf"/>
		<CBX_INST_ENTRY INSTANCE_NAME="|main|central_arbiter:inst1|lpm_compare9:inst24|lpm_compare:lpm_compare_component" CBX_FILE_NAME="cmpr_cmj.tdf"/>
		<CBX_INST_ENTRY INSTANCE_NAME="|main|master:inst19|BUSMUX:inst|lpm_mux:$00000" CBX_FILE_NAME="mux_nnc.tdf"/>
		<CBX_INST_ENTRY INSTANCE_NAME="|main|master:inst19|lpm_compare6:inst14|lpm_compare:lpm_compare_component" CBX_FILE_NAME="cmpr_aig.tdf"/>
		<CBX_INST_ENTRY INSTANCE_NAME="|main|master:inst20|lpm_counter2:inst15|lpm_counter:lpm_counter_component" CBX_FILE_NAME="cntr_4pi.tdf"/>
		<CBX_INST_ENTRY INSTANCE_NAME="|main|master:inst24|lpm_counter3:inst10|lpm_counter:lpm_counter_component" CBX_FILE_NAME="cntr_tvi.tdf"/>
		<CBX_INST_ENTRY INSTANCE_NAME="|main|slave:inst5|LPM_CONSTANT:inst4" CBX_FILE_NAME="lpm_constant_574.tdf"/>
		<CBX_INST_ENTRY INSTANCE_NAME="|main|master:inst19|BUSMUX:inst1|lpm_mux:$00000" CBX_FILE_NAME="mux_nnc.tdf"/>
		<CBX_INST_ENTRY INSTANCE_NAME="|main|central_arbiter:inst1|BUSMUX:inst15|lpm_mux:$00000" CBX_FILE_NAME="mux_pnc.tdf"/>
		<CBX_INST_ENTRY INSTANCE_NAME="|main|central_arbiter:inst1|choose_master:inst32|priorities_comparison:inst2|lpm_compare1:inst1|lpm_compare:lpm_compare_component" CBX_FILE_NAME="cmpr_cig.tdf"/>
		<CBX_INST_ENTRY INSTANCE_NAME="|main|slave:inst7|LPM_CONSTANT:inst4" CBX_FILE_NAME="lpm_constant_674.tdf"/>
		<CBX_INST_ENTRY INSTANCE_NAME="|main|central_arbiter:inst1|choose_master:inst32|priorities_comparison:inst2|lpm_compare1:inst2|lpm_compare:lpm_compare_component" CBX_FILE_NAME="cmpr_cig.tdf"/>
		<CBX_INST_ENTRY INSTANCE_NAME="|main|master:inst20|LPM_CONSTANT:inst18" CBX_FILE_NAME="lpm_constant_274.tdf"/>
		<CBX_INST_ENTRY INSTANCE_NAME="|main|master:inst20|lpm_add_sub3:inst20|lpm_add_sub:lpm_add_sub_component" CBX_FILE_NAME="add_sub_2ph.tdf"/>
		<CBX_INST_ENTRY INSTANCE_NAME="|main|master:inst21|LPM_CONSTANT:inst8" CBX_FILE_NAME="lpm_constant_j84.tdf"/>
		<CBX_INST_ENTRY INSTANCE_NAME="|main|central_arbiter:inst1|BUSMUX:inst17|lpm_mux:$00000" CBX_FILE_NAME="mux_pnc.tdf"/>
		<CBX_INST_ENTRY INSTANCE_NAME="|main|central_arbiter:inst1|BUSMUX:inst35|lpm_mux:$00000" CBX_FILE_NAME="mux_pnc.tdf"/>
		<CBX_INST_ENTRY INSTANCE_NAME="|main|central_arbiter:inst1|choose_master:inst32|priorities_comparison:inst2|lpm_compare1:inst3|lpm_compare:lpm_compare_component" CBX_FILE_NAME="cmpr_cig.tdf"/>
		<CBX_INST_ENTRY INSTANCE_NAME="|main|central_arbiter:inst1|choose_master:inst32|priorities_comparison:inst4|lpm_compare1:inst1|lpm_compare:lpm_compare_component" CBX_FILE_NAME="cmpr_cig.tdf"/>
		<CBX_INST_ENTRY INSTANCE_NAME="|main|master:inst20|lpm_add_sub2:inst13|lpm_add_sub:lpm_add_sub_component" CBX_FILE_NAME="add_sub_toh.tdf"/>
		<CBX_INST_ENTRY INSTANCE_NAME="|main|master:inst21|LPM_CONSTANT:inst18" CBX_FILE_NAME="lpm_constant_174.tdf"/>
		<CBX_INST_ENTRY INSTANCE_NAME="|main|master:inst21|lpm_add_sub3:inst20|lpm_add_sub:lpm_add_sub_component" CBX_FILE_NAME="add_sub_2ph.tdf"/>
		<CBX_INST_ENTRY INSTANCE_NAME="|main|central_arbiter:inst1|choose_master:inst32|priorities_comparison:inst4|lpm_compare1:inst2|lpm_compare:lpm_compare_component" CBX_FILE_NAME="cmpr_cig.tdf"/>
		<CBX_INST_ENTRY INSTANCE_NAME="|main|central_arbiter:inst1|lpm_compare3:inst1|lpm_compare:lpm_compare_component" CBX_FILE_NAME="cmpr_cmj.tdf"/>
		<CBX_INST_ENTRY INSTANCE_NAME="|main|master:inst21|lpm_add_sub2:inst13|lpm_add_sub:lpm_add_sub_component" CBX_FILE_NAME="add_sub_toh.tdf"/>
		<CBX_INST_ENTRY INSTANCE_NAME="|main|master:inst23|LPM_CONSTANT:inst8" CBX_FILE_NAME="lpm_constant_m84.tdf"/>
		<CBX_INST_ENTRY INSTANCE_NAME="|main|central_arbiter:inst1|BUSMUX:inst19|lpm_mux:$00000" CBX_FILE_NAME="mux_pnc.tdf"/>
		<CBX_INST_ENTRY INSTANCE_NAME="|main|central_arbiter:inst1|choose_master:inst32|priorities_comparison:inst4|lpm_compare1:inst3|lpm_compare:lpm_compare_component" CBX_FILE_NAME="cmpr_cig.tdf"/>
		<CBX_INST_ENTRY INSTANCE_NAME="|main|master:inst23|LPM_CONSTANT:inst18" CBX_FILE_NAME="lpm_constant_474.tdf"/>
		<CBX_INST_ENTRY INSTANCE_NAME="|main|master:inst23|lpm_add_sub3:inst20|lpm_add_sub:lpm_add_sub_component" CBX_FILE_NAME="add_sub_2ph.tdf"/>
		<CBX_INST_ENTRY INSTANCE_NAME="|main|central_arbiter:inst1|BUSMUX:inst29|lpm_mux:$00000" CBX_FILE_NAME="mux_pnc.tdf"/>
		<CBX_INST_ENTRY INSTANCE_NAME="|main|central_arbiter:inst1|LPM_CONSTANT:inst9" CBX_FILE_NAME="lpm_constant_274.tdf"/>
		<CBX_INST_ENTRY INSTANCE_NAME="|main|central_arbiter:inst1|lpm_compare4:inst2|lpm_compare:lpm_compare_component" CBX_FILE_NAME="cmpr_cmj.tdf"/>
		<CBX_INST_ENTRY INSTANCE_NAME="|main|master:inst23|lpm_add_sub2:inst13|lpm_add_sub:lpm_add_sub_component" CBX_FILE_NAME="add_sub_toh.tdf"/>
		<CBX_INST_ENTRY INSTANCE_NAME="|main|master:inst24|LPM_CONSTANT:inst18" CBX_FILE_NAME="lpm_constant_574.tdf"/>
		<CBX_INST_ENTRY INSTANCE_NAME="|main|master:inst24|lpm_add_sub3:inst20|lpm_add_sub:lpm_add_sub_component" CBX_FILE_NAME="add_sub_2ph.tdf"/>
		<CBX_INST_ENTRY INSTANCE_NAME="|main|master:inst19|lpm_counter2:inst15|lpm_counter:lpm_counter_component" CBX_FILE_NAME="cntr_4pi.tdf"/>
		<CBX_INST_ENTRY INSTANCE_NAME="|main|master:inst24|lpm_add_sub2:inst13|lpm_add_sub:lpm_add_sub_component" CBX_FILE_NAME="add_sub_toh.tdf"/>
		<CBX_INST_ENTRY INSTANCE_NAME="|main|central_arbiter:inst1|lpm_compare10:inst25|lpm_compare:lpm_compare_component" CBX_FILE_NAME="cmpr_5jj.tdf"/>
		<CBX_INST_ENTRY INSTANCE_NAME="|main|master:inst20|BUSMUX:inst1|lpm_mux:$00000" CBX_FILE_NAME="mux_nnc.tdf"/>
		<CBX_INST_ENTRY INSTANCE_NAME="|main|master:inst21|BUSMUX:inst|lpm_mux:$00000" CBX_FILE_NAME="mux_nnc.tdf"/>
		<CBX_INST_ENTRY INSTANCE_NAME="|main|master:inst19|LPM_CONSTANT:inst8" CBX_FILE_NAME="lpm_constant_l84.tdf"/>
		<CBX_INST_ENTRY INSTANCE_NAME="|main|master:inst21|BUSMUX:inst1|lpm_mux:$00000" CBX_FILE_NAME="mux_nnc.tdf"/>
	</PROJECT>
</LOG_ROOT>
