<?xml version="1.0" ?>
<LOG_ROOT>
	<PROJECT NAME="lab6-7">
		<CBX_INST_ENTRY INSTANCE_NAME="|lab6-7|cache:inst138|lpm_compare2:inst192|lpm_compare:lpm_compare_component" CBX_FILE_NAME="cmpr_87h.tdf"/>
		<CBX_INST_ENTRY INSTANCE_NAME="|lab6-7|cache:inst138|lpm_compare2:inst237|lpm_compare:lpm_compare_component" CBX_FILE_NAME="cmpr_87h.tdf"/>
		<CBX_INST_ENTRY INSTANCE_NAME="|lab6-7|cache:inst138|lpm_compare2:inst273|lpm_compare:lpm_compare_component" CBX_FILE_NAME="cmpr_87h.tdf"/>
		<CBX_INST_ENTRY INSTANCE_NAME="|lab6-7|cache:inst138|cache_line:inst2|lpm_decode0:inst16|lpm_decode:lpm_decode_component" CBX_FILE_NAME="decode_5sf.tdf"/>
		<CBX_INST_ENTRY INSTANCE_NAME="|lab6-7|cache:inst138|lpm_compare2:inst256|lpm_compare:lpm_compare_component" CBX_FILE_NAME="cmpr_87h.tdf"/>
		<CBX_INST_ENTRY INSTANCE_NAME="|lab6-7|cache:inst138|lpm_compare2:inst292|lpm_compare:lpm_compare_component" CBX_FILE_NAME="cmpr_87h.tdf"/>
		<CBX_INST_ENTRY INSTANCE_NAME="|lab6-7|cache:inst138|lpm_compare0:inst358|lpm_compare:lpm_compare_component" CBX_FILE_NAME="cmpr_eig.tdf"/>
		<CBX_INST_ENTRY INSTANCE_NAME="|lab6-7|cache:inst138|lpm_compare2:inst194|lpm_compare:lpm_compare_component" CBX_FILE_NAME="cmpr_87h.tdf"/>
		<CBX_INST_ENTRY INSTANCE_NAME="|lab6-7|cache:inst138|lpm_compare2:inst239|lpm_compare:lpm_compare_component" CBX_FILE_NAME="cmpr_87h.tdf"/>
		<CBX_INST_ENTRY INSTANCE_NAME="|lab6-7|cache:inst138|lpm_compare2:inst275|lpm_compare:lpm_compare_component" CBX_FILE_NAME="cmpr_87h.tdf"/>
		<CBX_INST_ENTRY INSTANCE_NAME="|lab6-7|cache:inst138|cache_line:inst2|lpm_decode0:inst18|lpm_decode:lpm_decode_component" CBX_FILE_NAME="decode_5sf.tdf"/>
		<CBX_INST_ENTRY INSTANCE_NAME="|lab6-7|cache:inst138|lpm_compare2:inst258|lpm_compare:lpm_compare_component" CBX_FILE_NAME="cmpr_87h.tdf"/>
		<CBX_INST_ENTRY INSTANCE_NAME="|lab6-7|cache:inst138|lpm_compare2:inst294|lpm_compare:lpm_compare_component" CBX_FILE_NAME="cmpr_87h.tdf"/>
		<CBX_INST_ENTRY INSTANCE_NAME="|lab6-7|cache:inst138|lpm_compare2:inst196|lpm_compare:lpm_compare_component" CBX_FILE_NAME="cmpr_87h.tdf"/>
		<CBX_INST_ENTRY INSTANCE_NAME="|lab6-7|cache:inst138|lpm_compare2:inst277|lpm_compare:lpm_compare_component" CBX_FILE_NAME="cmpr_87h.tdf"/>
		<CBX_INST_ENTRY INSTANCE_NAME="|lab6-7|cache:inst138|cache_line:inst141|lpm_decode0:inst16|lpm_decode:lpm_decode_component" CBX_FILE_NAME="decode_5sf.tdf"/>
		<CBX_INST_ENTRY INSTANCE_NAME="|lab6-7|cache:inst138|lpm_compare2:inst296|lpm_compare:lpm_compare_component" CBX_FILE_NAME="cmpr_87h.tdf"/>
		<CBX_INST_ENTRY INSTANCE_NAME="|lab6-7|cache:inst138|lpm_compare0:inst398|lpm_compare:lpm_compare_component" CBX_FILE_NAME="cmpr_eig.tdf"/>
		<CBX_INST_ENTRY INSTANCE_NAME="|lab6-7|cache:inst138|lpm_compare2:inst198|lpm_compare:lpm_compare_component" CBX_FILE_NAME="cmpr_87h.tdf"/>
		<CBX_INST_ENTRY INSTANCE_NAME="|lab6-7|cache:inst138|lpm_compare2:inst200|lpm_compare:lpm_compare_component" CBX_FILE_NAME="cmpr_87h.tdf"/>
		<CBX_INST_ENTRY INSTANCE_NAME="|lab6-7|cache:inst138|lpm_compare2:inst279|lpm_compare:lpm_compare_component" CBX_FILE_NAME="cmpr_87h.tdf"/>
		<CBX_INST_ENTRY INSTANCE_NAME="|lab6-7|cache:inst138|lpm_constant5:inst60|lpm_constant:lpm_constant_component" CBX_FILE_NAME="lpm_constant_de6.tdf"/>
		<CBX_INST_ENTRY INSTANCE_NAME="|lab6-7|cache:inst138|lpm_counter20:inst511|lpm_counter:lpm_counter_component" CBX_FILE_NAME="cntr_ulh.tdf"/>
		<CBX_INST_ENTRY INSTANCE_NAME="|lab6-7|cache:inst138|cache_line:inst141|lpm_decode0:inst18|lpm_decode:lpm_decode_component" CBX_FILE_NAME="decode_5sf.tdf"/>
		<CBX_INST_ENTRY INSTANCE_NAME="|lab6-7|cache:inst138|lpm_compare2:inst30|lpm_compare:lpm_compare_component" CBX_FILE_NAME="cmpr_87h.tdf"/>
		<CBX_INST_ENTRY INSTANCE_NAME="|lab6-7|cache:inst138|cache_line:inst135|lpm_decode0:inst16|lpm_decode:lpm_decode_component" CBX_FILE_NAME="decode_5sf.tdf"/>
		<CBX_INST_ENTRY INSTANCE_NAME="|lab6-7|cache:inst138|lpm_compare2:inst202|lpm_compare:lpm_compare_component" CBX_FILE_NAME="cmpr_87h.tdf"/>
		<CBX_INST_ENTRY INSTANCE_NAME="|lab6-7|cache:inst138|lpm_counter20:inst513|lpm_counter:lpm_counter_component" CBX_FILE_NAME="cntr_ulh.tdf"/>
		<CBX_INST_ENTRY INSTANCE_NAME="|lab6-7|cache:inst138|lpm_compare0:inst16|lpm_compare:lpm_compare_component" CBX_FILE_NAME="cmpr_eig.tdf"/>
		<CBX_INST_ENTRY INSTANCE_NAME="|lab6-7|cache:inst138|lpm_compare2:inst221|lpm_compare:lpm_compare_component" CBX_FILE_NAME="cmpr_87h.tdf"/>
		<CBX_INST_ENTRY INSTANCE_NAME="|lab6-7|cache:inst138|lpm_compare2:inst32|lpm_compare:lpm_compare_component" CBX_FILE_NAME="cmpr_87h.tdf"/>
		<CBX_INST_ENTRY INSTANCE_NAME="|lab6-7|cache:inst138|cache_line:inst135|lpm_decode0:inst18|lpm_decode:lpm_decode_component" CBX_FILE_NAME="decode_5sf.tdf"/>
		<CBX_INST_ENTRY INSTANCE_NAME="|lab6-7|cache:inst138|lpm_compare0:inst404|lpm_compare:lpm_compare_component" CBX_FILE_NAME="cmpr_eig.tdf"/>
		<CBX_INST_ENTRY INSTANCE_NAME="|lab6-7|cache:inst138|lpm_compare2:inst204|lpm_compare:lpm_compare_component" CBX_FILE_NAME="cmpr_87h.tdf"/>
		<CBX_INST_ENTRY INSTANCE_NAME="|lab6-7|cache:inst138|lpm_compare2:inst240|lpm_compare:lpm_compare_component" CBX_FILE_NAME="cmpr_87h.tdf"/>
		<CBX_INST_ENTRY INSTANCE_NAME="|lab6-7|cache:inst138|lpm_counter20:inst515|lpm_counter:lpm_counter_component" CBX_FILE_NAME="cntr_ulh.tdf"/>
		<CBX_INST_ENTRY INSTANCE_NAME="|lab6-7|cache:inst138|lpm_compare0:inst18|lpm_compare:lpm_compare_component" CBX_FILE_NAME="cmpr_eig.tdf"/>
		<CBX_INST_ENTRY INSTANCE_NAME="|lab6-7|cache:inst138|lpm_compare2:inst223|lpm_compare:lpm_compare_component" CBX_FILE_NAME="cmpr_87h.tdf"/>
		<CBX_INST_ENTRY INSTANCE_NAME="|lab6-7|cache:inst138|lpm_compare0:inst361|lpm_compare:lpm_compare_component" CBX_FILE_NAME="cmpr_eig.tdf"/>
		<CBX_INST_ENTRY INSTANCE_NAME="|lab6-7|cache:inst138|lpm_compare2:inst206|lpm_compare:lpm_compare_component" CBX_FILE_NAME="cmpr_87h.tdf"/>
		<CBX_INST_ENTRY INSTANCE_NAME="|lab6-7|cache:inst138|lpm_compare2:inst242|lpm_compare:lpm_compare_component" CBX_FILE_NAME="cmpr_87h.tdf"/>
		<CBX_INST_ENTRY INSTANCE_NAME="|lab6-7|cache:inst138|lpm_counter20:inst517|lpm_counter:lpm_counter_component" CBX_FILE_NAME="cntr_ulh.tdf"/>
		<CBX_INST_ENTRY INSTANCE_NAME="|lab6-7|cache:inst138|lpm_compare2:inst225|lpm_compare:lpm_compare_component" CBX_FILE_NAME="cmpr_87h.tdf"/>
		<CBX_INST_ENTRY INSTANCE_NAME="|lab6-7|cache:inst138|lpm_compare2:inst261|lpm_compare:lpm_compare_component" CBX_FILE_NAME="cmpr_87h.tdf"/>
		<CBX_INST_ENTRY INSTANCE_NAME="|lab6-7|cache:inst138|lpm_constant4:inst59|lpm_constant:lpm_constant_component" CBX_FILE_NAME="lpm_constant_ce6.tdf"/>
		<CBX_INST_ENTRY INSTANCE_NAME="|lab6-7|cache:inst138|lpm_compare2:inst208|lpm_compare:lpm_compare_component" CBX_FILE_NAME="cmpr_87h.tdf"/>
		<CBX_INST_ENTRY INSTANCE_NAME="|lab6-7|cache:inst138|lpm_compare2:inst244|lpm_compare:lpm_compare_component" CBX_FILE_NAME="cmpr_87h.tdf"/>
		<CBX_INST_ENTRY INSTANCE_NAME="|lab6-7|cache:inst138|lpm_compare2:inst280|lpm_compare:lpm_compare_component" CBX_FILE_NAME="cmpr_87h.tdf"/>
		<CBX_INST_ENTRY INSTANCE_NAME="|lab6-7|cache:inst138|lpm_counter20:inst519|lpm_counter:lpm_counter_component" CBX_FILE_NAME="cntr_ulh.tdf"/>
		<CBX_INST_ENTRY INSTANCE_NAME="|lab6-7|cache:inst138|lpm_compare2:inst227|lpm_compare:lpm_compare_component" CBX_FILE_NAME="cmpr_87h.tdf"/>
		<CBX_INST_ENTRY INSTANCE_NAME="|lab6-7|cache:inst138|lpm_compare2:inst263|lpm_compare:lpm_compare_component" CBX_FILE_NAME="cmpr_87h.tdf"/>
		<CBX_INST_ENTRY INSTANCE_NAME="|lab6-7|cache:inst138|lpm_compare2:inst38|lpm_compare:lpm_compare_component" CBX_FILE_NAME="cmpr_87h.tdf"/>
		<CBX_INST_ENTRY INSTANCE_NAME="|lab6-7|cache:inst138|cache_line:inst1|lpm_decode0:inst16|lpm_decode:lpm_decode_component" CBX_FILE_NAME="decode_5sf.tdf"/>
		<CBX_INST_ENTRY INSTANCE_NAME="|lab6-7|cache:inst138|continuous_ram_control:inst98|lpm_decode2:inst46|lpm_decode:lpm_decode_component" CBX_FILE_NAME="decode_u7f.tdf"/>
		<CBX_INST_ENTRY INSTANCE_NAME="|lab6-7|cache:inst138|lpm_compare2:inst246|lpm_compare:lpm_compare_component" CBX_FILE_NAME="cmpr_87h.tdf"/>
		<CBX_INST_ENTRY INSTANCE_NAME="|lab6-7|cache:inst138|lpm_compare2:inst282|lpm_compare:lpm_compare_component" CBX_FILE_NAME="cmpr_87h.tdf"/>
		<CBX_INST_ENTRY INSTANCE_NAME="|lab6-7|cache:inst138|lpm_compare0:inst384|lpm_compare:lpm_compare_component" CBX_FILE_NAME="cmpr_eig.tdf"/>
		<CBX_INST_ENTRY INSTANCE_NAME="|lab6-7|cache:inst138|lpm_compare2:inst229|lpm_compare:lpm_compare_component" CBX_FILE_NAME="cmpr_87h.tdf"/>
		<CBX_INST_ENTRY INSTANCE_NAME="|lab6-7|cache:inst138|lpm_compare2:inst265|lpm_compare:lpm_compare_component" CBX_FILE_NAME="cmpr_87h.tdf"/>
		<CBX_INST_ENTRY INSTANCE_NAME="|lab6-7|cache:inst138|cache_line:inst1|lpm_decode0:inst18|lpm_decode:lpm_decode_component" CBX_FILE_NAME="decode_5sf.tdf"/>
		<CBX_INST_ENTRY INSTANCE_NAME="|lab6-7|cache:inst138|lpm_compare0:inst367|lpm_compare:lpm_compare_component" CBX_FILE_NAME="cmpr_eig.tdf"/>
		<CBX_INST_ENTRY INSTANCE_NAME="|lab6-7|cache:inst138|lpm_compare2:inst248|lpm_compare:lpm_compare_component" CBX_FILE_NAME="cmpr_87h.tdf"/>
		<CBX_INST_ENTRY INSTANCE_NAME="|lab6-7|cache:inst138|lpm_compare2:inst284|lpm_compare:lpm_compare_component" CBX_FILE_NAME="cmpr_87h.tdf"/>
		<CBX_INST_ENTRY INSTANCE_NAME="|lab6-7|cache:inst138|lpm_compare2:inst186|lpm_compare:lpm_compare_component" CBX_FILE_NAME="cmpr_87h.tdf"/>
		<CBX_INST_ENTRY INSTANCE_NAME="|lab6-7|cache:inst138|lpm_compare2:inst267|lpm_compare:lpm_compare_component" CBX_FILE_NAME="cmpr_87h.tdf"/>
		<CBX_INST_ENTRY INSTANCE_NAME="|lab6-7|cache:inst138|lpm_mux1:inst124|LPM_MUX:lpm_mux_component" CBX_FILE_NAME="mux_b4e.tdf"/>
		<CBX_INST_ENTRY INSTANCE_NAME="|lab6-7|cache:inst138|cache_line:inst14|lpm_decode0:inst16|lpm_decode:lpm_decode_component" CBX_FILE_NAME="decode_5sf.tdf"/>
		<CBX_INST_ENTRY INSTANCE_NAME="|lab6-7|cache:inst138|lpm_compare2:inst286|lpm_compare:lpm_compare_component" CBX_FILE_NAME="cmpr_87h.tdf"/>
		<CBX_INST_ENTRY INSTANCE_NAME="|lab6-7|LPM_RAM_IO:inst122|altram:sram|altsyncram:ram_block" CBX_FILE_NAME="altsyncram_kg91.tdf"/>
		<CBX_INST_ENTRY INSTANCE_NAME="|lab6-7|cache:inst138|lpm_compare2:inst188|lpm_compare:lpm_compare_component" CBX_FILE_NAME="cmpr_87h.tdf"/>
		<CBX_INST_ENTRY INSTANCE_NAME="|lab6-7|cache:inst138|lpm_compare2:inst269|lpm_compare:lpm_compare_component" CBX_FILE_NAME="cmpr_87h.tdf"/>
		<CBX_INST_ENTRY INSTANCE_NAME="|lab6-7|cache:inst138|lpm_compare2:inst287|lpm_compare:lpm_compare_component" CBX_FILE_NAME="cmpr_87h.tdf"/>
		<CBX_INST_ENTRY INSTANCE_NAME="|lab6-7|cache:inst138|cache_line:inst142|lpm_decode0:inst16|lpm_decode:lpm_decode_component" CBX_FILE_NAME="decode_5sf.tdf"/>
		<CBX_INST_ENTRY INSTANCE_NAME="|lab6-7|cache:inst138|cache_line:inst14|lpm_decode0:inst18|lpm_decode:lpm_decode_component" CBX_FILE_NAME="decode_5sf.tdf"/>
		<CBX_INST_ENTRY INSTANCE_NAME="|lab6-7|cache:inst138|lpm_compare0:inst22|lpm_compare:lpm_compare_component" CBX_FILE_NAME="cmpr_eig.tdf"/>
		<CBX_INST_ENTRY INSTANCE_NAME="|lab6-7|cache:inst138|lpm_compare2:inst189|lpm_compare:lpm_compare_component" CBX_FILE_NAME="cmpr_87h.tdf"/>
		<CBX_INST_ENTRY INSTANCE_NAME="|lab6-7|cache:inst138|lpm_compare2:inst288|lpm_compare:lpm_compare_component" CBX_FILE_NAME="cmpr_87h.tdf"/>
		<CBX_INST_ENTRY INSTANCE_NAME="|lab6-7|cache:inst138|lpm_decode1:inst48|lpm_decode:lpm_decode_component" CBX_FILE_NAME="decode_ltf.tdf"/>
		<CBX_INST_ENTRY INSTANCE_NAME="|lab6-7|cache:inst138|cache_line:inst134|lpm_decode0:inst16|lpm_decode:lpm_decode_component" CBX_FILE_NAME="decode_5sf.tdf"/>
		<CBX_INST_ENTRY INSTANCE_NAME="|lab6-7|cache:inst138|lpm_compare2:inst210|lpm_compare:lpm_compare_component" CBX_FILE_NAME="cmpr_87h.tdf"/>
		<CBX_INST_ENTRY INSTANCE_NAME="|lab6-7|cache:inst138|lpm_compare2:inst289|lpm_compare:lpm_compare_component" CBX_FILE_NAME="cmpr_87h.tdf"/>
		<CBX_INST_ENTRY INSTANCE_NAME="|lab6-7|cache:inst138|lpm_counter20:inst521|lpm_counter:lpm_counter_component" CBX_FILE_NAME="cntr_ulh.tdf"/>
		<CBX_INST_ENTRY INSTANCE_NAME="|lab6-7|cache:inst138|cache_line:inst126|lpm_decode0:inst16|lpm_decode:lpm_decode_component" CBX_FILE_NAME="decode_5sf.tdf"/>
		<CBX_INST_ENTRY INSTANCE_NAME="|lab6-7|cache:inst138|cache_line:inst142|lpm_decode0:inst18|lpm_decode:lpm_decode_component" CBX_FILE_NAME="decode_5sf.tdf"/>
		<CBX_INST_ENTRY INSTANCE_NAME="|lab6-7|cache:inst138|cache_line:inst144|lpm_decode0:inst16|lpm_decode:lpm_decode_component" CBX_FILE_NAME="decode_5sf.tdf"/>
		<CBX_INST_ENTRY INSTANCE_NAME="|lab6-7|cache:inst138|lpm_compare2:inst211|lpm_compare:lpm_compare_component" CBX_FILE_NAME="cmpr_87h.tdf"/>
		<CBX_INST_ENTRY INSTANCE_NAME="|lab6-7|cache:inst138|lpm_compare2:inst40|lpm_compare:lpm_compare_component" CBX_FILE_NAME="cmpr_87h.tdf"/>
		<CBX_INST_ENTRY INSTANCE_NAME="|lab6-7|cache:inst138|lpm_constant6:inst61|lpm_constant:lpm_constant_component" CBX_FILE_NAME="lpm_constant_ee6.tdf"/>
		<CBX_INST_ENTRY INSTANCE_NAME="|lab6-7|cache:inst138|DECODE:inst116|lpm_decode:lpm_decode_component" CBX_FILE_NAME="decode_e9f.tdf"/>
		<CBX_INST_ENTRY INSTANCE_NAME="|lab6-7|cache:inst138|cache_line:inst134|lpm_decode0:inst18|lpm_decode:lpm_decode_component" CBX_FILE_NAME="decode_5sf.tdf"/>
		<CBX_INST_ENTRY INSTANCE_NAME="|lab6-7|cache:inst138|cache_line:inst136|lpm_decode0:inst16|lpm_decode:lpm_decode_component" CBX_FILE_NAME="decode_5sf.tdf"/>
		<CBX_INST_ENTRY INSTANCE_NAME="|lab6-7|cache:inst138|lpm_compare2:inst212|lpm_compare:lpm_compare_component" CBX_FILE_NAME="cmpr_87h.tdf"/>
		<CBX_INST_ENTRY INSTANCE_NAME="|lab6-7|cache:inst138|lpm_compare2:inst230|lpm_compare:lpm_compare_component" CBX_FILE_NAME="cmpr_87h.tdf"/>
		<CBX_INST_ENTRY INSTANCE_NAME="|lab6-7|cache:inst138|lpm_constant3:inst92|lpm_constant:lpm_constant_component" CBX_FILE_NAME="lpm_constant_be6.tdf"/>
		<CBX_INST_ENTRY INSTANCE_NAME="|lab6-7|cache:inst138|lpm_counter20:inst523|lpm_counter:lpm_counter_component" CBX_FILE_NAME="cntr_ulh.tdf"/>
		<CBX_INST_ENTRY INSTANCE_NAME="|lab6-7|cache:inst138|cache_line:inst126|lpm_decode0:inst18|lpm_decode:lpm_decode_component" CBX_FILE_NAME="decode_5sf.tdf"/>
		<CBX_INST_ENTRY INSTANCE_NAME="|lab6-7|cache:inst138|cache_line:inst128|lpm_decode0:inst16|lpm_decode:lpm_decode_component" CBX_FILE_NAME="decode_5sf.tdf"/>
		<CBX_INST_ENTRY INSTANCE_NAME="|lab6-7|cache:inst138|cache_line:inst144|lpm_decode0:inst18|lpm_decode:lpm_decode_component" CBX_FILE_NAME="decode_5sf.tdf"/>
		<CBX_INST_ENTRY INSTANCE_NAME="|lab6-7|cache:inst138|lpm_compare2:inst213|lpm_compare:lpm_compare_component" CBX_FILE_NAME="cmpr_87h.tdf"/>
		<CBX_INST_ENTRY INSTANCE_NAME="|lab6-7|cache:inst138|lpm_compare2:inst231|lpm_compare:lpm_compare_component" CBX_FILE_NAME="cmpr_87h.tdf"/>
		<CBX_INST_ENTRY INSTANCE_NAME="|lab6-7|cache:inst138|lpm_counter20:inst506|lpm_counter:lpm_counter_component" CBX_FILE_NAME="cntr_ulh.tdf"/>
		<CBX_INST_ENTRY INSTANCE_NAME="|lab6-7|cache:inst138|lpm_mux4:inst65|LPM_MUX:lpm_mux_component" CBX_FILE_NAME="mux_24e.tdf"/>
		<CBX_INST_ENTRY INSTANCE_NAME="|lab6-7|cache:inst138|cache_line:inst136|lpm_decode0:inst18|lpm_decode:lpm_decode_component" CBX_FILE_NAME="decode_5sf.tdf"/>
		<CBX_INST_ENTRY INSTANCE_NAME="|lab6-7|cache:inst138|lpm_compare2:inst214|lpm_compare:lpm_compare_component" CBX_FILE_NAME="cmpr_87h.tdf"/>
		<CBX_INST_ENTRY INSTANCE_NAME="|lab6-7|cache:inst138|lpm_compare2:inst232|lpm_compare:lpm_compare_component" CBX_FILE_NAME="cmpr_87h.tdf"/>
		<CBX_INST_ENTRY INSTANCE_NAME="|lab6-7|cache:inst138|lpm_compare2:inst250|lpm_compare:lpm_compare_component" CBX_FILE_NAME="cmpr_87h.tdf"/>
		<CBX_INST_ENTRY INSTANCE_NAME="|lab6-7|cache:inst138|lpm_constant0:inst88|lpm_constant:lpm_constant_component" CBX_FILE_NAME="lpm_constant_8e6.tdf"/>
		<CBX_INST_ENTRY INSTANCE_NAME="|lab6-7|cache:inst138|lpm_constant10:inst339|lpm_constant:lpm_constant_component" CBX_FILE_NAME="lpm_constant_nf6.tdf"/>
		<CBX_INST_ENTRY INSTANCE_NAME="|lab6-7|cache:inst138|lpm_counter20:inst507|lpm_counter:lpm_counter_component" CBX_FILE_NAME="cntr_ulh.tdf"/>
		<CBX_INST_ENTRY INSTANCE_NAME="|lab6-7|cache:inst138|lpm_counter20:inst525|lpm_counter:lpm_counter_component" CBX_FILE_NAME="cntr_ulh.tdf"/>
		<CBX_INST_ENTRY INSTANCE_NAME="|lab6-7|cache:inst138|cache_line:inst128|lpm_decode0:inst18|lpm_decode:lpm_decode_component" CBX_FILE_NAME="decode_5sf.tdf"/>
		<CBX_INST_ENTRY INSTANCE_NAME="|lab6-7|cache:inst138|lpm_compare2:inst215|lpm_compare:lpm_compare_component" CBX_FILE_NAME="cmpr_87h.tdf"/>
		<CBX_INST_ENTRY INSTANCE_NAME="|lab6-7|cache:inst138|lpm_compare2:inst233|lpm_compare:lpm_compare_component" CBX_FILE_NAME="cmpr_87h.tdf"/>
		<CBX_INST_ENTRY INSTANCE_NAME="|lab6-7|cache:inst138|lpm_compare2:inst251|lpm_compare:lpm_compare_component" CBX_FILE_NAME="cmpr_87h.tdf"/>
		<CBX_INST_ENTRY INSTANCE_NAME="|lab6-7|cache:inst138|lpm_compare2:inst216|lpm_compare:lpm_compare_component" CBX_FILE_NAME="cmpr_87h.tdf"/>
		<CBX_INST_ENTRY INSTANCE_NAME="|lab6-7|cache:inst138|lpm_compare2:inst234|lpm_compare:lpm_compare_component" CBX_FILE_NAME="cmpr_87h.tdf"/>
		<CBX_INST_ENTRY INSTANCE_NAME="|lab6-7|cache:inst138|lpm_compare2:inst252|lpm_compare:lpm_compare_component" CBX_FILE_NAME="cmpr_87h.tdf"/>
		<CBX_INST_ENTRY INSTANCE_NAME="|lab6-7|cache:inst138|lpm_compare2:inst270|lpm_compare:lpm_compare_component" CBX_FILE_NAME="cmpr_87h.tdf"/>
		<CBX_INST_ENTRY INSTANCE_NAME="|lab6-7|cache:inst138|lpm_counter20:inst527|lpm_counter:lpm_counter_component" CBX_FILE_NAME="cntr_ulh.tdf"/>
		<CBX_INST_ENTRY INSTANCE_NAME="|lab6-7|cache:inst138|lpm_compare2:inst190|lpm_compare:lpm_compare_component" CBX_FILE_NAME="cmpr_87h.tdf"/>
		<CBX_INST_ENTRY INSTANCE_NAME="|lab6-7|cache:inst138|lpm_compare2:inst217|lpm_compare:lpm_compare_component" CBX_FILE_NAME="cmpr_87h.tdf"/>
		<CBX_INST_ENTRY INSTANCE_NAME="|lab6-7|cache:inst138|lpm_compare2:inst235|lpm_compare:lpm_compare_component" CBX_FILE_NAME="cmpr_87h.tdf"/>
		<CBX_INST_ENTRY INSTANCE_NAME="|lab6-7|cache:inst138|lpm_compare2:inst253|lpm_compare:lpm_compare_component" CBX_FILE_NAME="cmpr_87h.tdf"/>
		<CBX_INST_ENTRY INSTANCE_NAME="|lab6-7|cache:inst138|lpm_compare2:inst271|lpm_compare:lpm_compare_component" CBX_FILE_NAME="cmpr_87h.tdf"/>
		<CBX_INST_ENTRY INSTANCE_NAME="|lab6-7|cache:inst138|lpm_compare2:inst191|lpm_compare:lpm_compare_component" CBX_FILE_NAME="cmpr_87h.tdf"/>
		<CBX_INST_ENTRY INSTANCE_NAME="|lab6-7|cache:inst138|lpm_compare2:inst218|lpm_compare:lpm_compare_component" CBX_FILE_NAME="cmpr_87h.tdf"/>
		<CBX_INST_ENTRY INSTANCE_NAME="|lab6-7|cache:inst138|lpm_compare2:inst236|lpm_compare:lpm_compare_component" CBX_FILE_NAME="cmpr_87h.tdf"/>
		<CBX_INST_ENTRY INSTANCE_NAME="|lab6-7|cache:inst138|lpm_compare2:inst254|lpm_compare:lpm_compare_component" CBX_FILE_NAME="cmpr_87h.tdf"/>
		<CBX_INST_ENTRY INSTANCE_NAME="|lab6-7|cache:inst138|lpm_compare2:inst272|lpm_compare:lpm_compare_component" CBX_FILE_NAME="cmpr_87h.tdf"/>
		<CBX_INST_ENTRY INSTANCE_NAME="|lab6-7|cache:inst138|lpm_compare2:inst290|lpm_compare:lpm_compare_component" CBX_FILE_NAME="cmpr_87h.tdf"/>
		<CBX_INST_ENTRY INSTANCE_NAME="|lab6-7|cache:inst138|lpm_counter20:inst529|lpm_counter:lpm_counter_component" CBX_FILE_NAME="cntr_ulh.tdf"/>
		<CBX_INST_ENTRY INSTANCE_NAME="|lab6-7|cache:inst138|lpm_compare2:inst219|lpm_compare:lpm_compare_component" CBX_FILE_NAME="cmpr_87h.tdf"/>
		<CBX_INST_ENTRY INSTANCE_NAME="|lab6-7|cache:inst138|lpm_compare2:inst255|lpm_compare:lpm_compare_component" CBX_FILE_NAME="cmpr_87h.tdf"/>
		<CBX_INST_ENTRY INSTANCE_NAME="|lab6-7|cache:inst138|lpm_compare2:inst291|lpm_compare:lpm_compare_component" CBX_FILE_NAME="cmpr_87h.tdf"/>
		<CBX_INST_ENTRY INSTANCE_NAME="|lab6-7|cache:inst138|lpm_compare2:inst193|lpm_compare:lpm_compare_component" CBX_FILE_NAME="cmpr_87h.tdf"/>
		<CBX_INST_ENTRY INSTANCE_NAME="|lab6-7|cache:inst138|lpm_compare2:inst238|lpm_compare:lpm_compare_component" CBX_FILE_NAME="cmpr_87h.tdf"/>
		<CBX_INST_ENTRY INSTANCE_NAME="|lab6-7|cache:inst138|lpm_compare2:inst274|lpm_compare:lpm_compare_component" CBX_FILE_NAME="cmpr_87h.tdf"/>
		<CBX_INST_ENTRY INSTANCE_NAME="|lab6-7|cache:inst138|lpm_decode1:inst34|lpm_decode:lpm_decode_component" CBX_FILE_NAME="decode_ltf.tdf"/>
		<CBX_INST_ENTRY INSTANCE_NAME="|lab6-7|cache:inst138|lpm_compare2:inst257|lpm_compare:lpm_compare_component" CBX_FILE_NAME="cmpr_87h.tdf"/>
		<CBX_INST_ENTRY INSTANCE_NAME="|lab6-7|cache:inst138|lpm_compare2:inst293|lpm_compare:lpm_compare_component" CBX_FILE_NAME="cmpr_87h.tdf"/>
		<CBX_INST_ENTRY INSTANCE_NAME="|lab6-7|cache:inst138|lpm_compare2:inst195|lpm_compare:lpm_compare_component" CBX_FILE_NAME="cmpr_87h.tdf"/>
		<CBX_INST_ENTRY INSTANCE_NAME="|lab6-7|cache:inst138|lpm_compare2:inst276|lpm_compare:lpm_compare_component" CBX_FILE_NAME="cmpr_87h.tdf"/>
		<CBX_INST_ENTRY INSTANCE_NAME="|lab6-7|cache:inst138|lpm_compare0:inst378|lpm_compare:lpm_compare_component" CBX_FILE_NAME="cmpr_eig.tdf"/>
		<CBX_INST_ENTRY INSTANCE_NAME="|lab6-7|cache:inst138|lpm_compare2:inst259|lpm_compare:lpm_compare_component" CBX_FILE_NAME="cmpr_87h.tdf"/>
		<CBX_INST_ENTRY INSTANCE_NAME="|lab6-7|cache:inst138|lpm_compare2:inst295|lpm_compare:lpm_compare_component" CBX_FILE_NAME="cmpr_87h.tdf"/>
		<CBX_INST_ENTRY INSTANCE_NAME="|lab6-7|cache:inst138|lpm_constant11:inst340|lpm_constant:lpm_constant_component" CBX_FILE_NAME="lpm_constant_of6.tdf"/>
		<CBX_INST_ENTRY INSTANCE_NAME="|lab6-7|cache:inst138|lpm_mux0:inst54|LPM_MUX:lpm_mux_component" CBX_FILE_NAME="mux_44e.tdf"/>
		<CBX_INST_ENTRY INSTANCE_NAME="|lab6-7|cache:inst138|lpm_mux4:inst50|LPM_MUX:lpm_mux_component" CBX_FILE_NAME="mux_24e.tdf"/>
		<CBX_INST_ENTRY INSTANCE_NAME="|lab6-7|cache:inst138|lpm_compare2:inst197|lpm_compare:lpm_compare_component" CBX_FILE_NAME="cmpr_87h.tdf"/>
		<CBX_INST_ENTRY INSTANCE_NAME="|lab6-7|cache:inst138|lpm_compare2:inst278|lpm_compare:lpm_compare_component" CBX_FILE_NAME="cmpr_87h.tdf"/>
		<CBX_INST_ENTRY INSTANCE_NAME="|lab6-7|cache:inst138|cache_line:inst133|lpm_decode0:inst16|lpm_decode:lpm_decode_component" CBX_FILE_NAME="decode_5sf.tdf"/>
		<CBX_INST_ENTRY INSTANCE_NAME="|lab6-7|cache:inst138|lpm_compare2:inst297|lpm_compare:lpm_compare_component" CBX_FILE_NAME="cmpr_87h.tdf"/>
		<CBX_INST_ENTRY INSTANCE_NAME="|lab6-7|cache:inst138|lpm_constant12:inst341|lpm_constant:lpm_constant_component" CBX_FILE_NAME="lpm_constant_pf6.tdf"/>
		<CBX_INST_ENTRY INSTANCE_NAME="|lab6-7|cache:inst138|lpm_constant2:inst90|lpm_constant:lpm_constant_component" CBX_FILE_NAME="lpm_constant_ae6.tdf"/>
		<CBX_INST_ENTRY INSTANCE_NAME="|lab6-7|cache:inst138|cache_line:inst143|lpm_decode0:inst16|lpm_decode:lpm_decode_component" CBX_FILE_NAME="decode_5sf.tdf"/>
		<CBX_INST_ENTRY INSTANCE_NAME="|lab6-7|cache:inst138|lpm_compare0:inst401|lpm_compare:lpm_compare_component" CBX_FILE_NAME="cmpr_eig.tdf"/>
		<CBX_INST_ENTRY INSTANCE_NAME="|lab6-7|cache:inst138|lpm_compare2:inst199|lpm_compare:lpm_compare_component" CBX_FILE_NAME="cmpr_87h.tdf"/>
		<CBX_INST_ENTRY INSTANCE_NAME="|lab6-7|cache:inst138|lpm_compare2:inst201|lpm_compare:lpm_compare_component" CBX_FILE_NAME="cmpr_87h.tdf"/>
		<CBX_INST_ENTRY INSTANCE_NAME="|lab6-7|cache:inst138|cache_line:inst133|lpm_decode0:inst18|lpm_decode:lpm_decode_component" CBX_FILE_NAME="decode_5sf.tdf"/>
		<CBX_INST_ENTRY INSTANCE_NAME="|lab6-7|cache:inst138|lpm_compare2:inst220|lpm_compare:lpm_compare_component" CBX_FILE_NAME="cmpr_87h.tdf"/>
		<CBX_INST_ENTRY INSTANCE_NAME="|lab6-7|cache:inst138|lpm_compare2:inst31|lpm_compare:lpm_compare_component" CBX_FILE_NAME="cmpr_87h.tdf"/>
		<CBX_INST_ENTRY INSTANCE_NAME="|lab6-7|cache:inst138|lpm_constant13:inst342|lpm_constant:lpm_constant_component" CBX_FILE_NAME="lpm_constant_qf6.tdf"/>
		<CBX_INST_ENTRY INSTANCE_NAME="|lab6-7|cache:inst138|lpm_counter20:inst531|lpm_counter:lpm_counter_component" CBX_FILE_NAME="cntr_ulh.tdf"/>
		<CBX_INST_ENTRY INSTANCE_NAME="|lab6-7|cache:inst138|cache_line:inst127|lpm_decode0:inst16|lpm_decode:lpm_decode_component" CBX_FILE_NAME="decode_5sf.tdf"/>
		<CBX_INST_ENTRY INSTANCE_NAME="|lab6-7|cache:inst138|cache_line:inst143|lpm_decode0:inst18|lpm_decode:lpm_decode_component" CBX_FILE_NAME="decode_5sf.tdf"/>
		<CBX_INST_ENTRY INSTANCE_NAME="|lab6-7|cache:inst138|lpm_compare2:inst203|lpm_compare:lpm_compare_component" CBX_FILE_NAME="cmpr_87h.tdf"/>
		<CBX_INST_ENTRY INSTANCE_NAME="|lab6-7|cache:inst138|lpm_compare2:inst222|lpm_compare:lpm_compare_component" CBX_FILE_NAME="cmpr_87h.tdf"/>
		<CBX_INST_ENTRY INSTANCE_NAME="|lab6-7|cache:inst138|lpm_constant14:inst343|lpm_constant:lpm_constant_component" CBX_FILE_NAME="lpm_constant_rf6.tdf"/>
		<CBX_INST_ENTRY INSTANCE_NAME="|lab6-7|cache:inst138|lpm_counter20:inst533|lpm_counter:lpm_counter_component" CBX_FILE_NAME="cntr_ulh.tdf"/>
		<CBX_INST_ENTRY INSTANCE_NAME="|lab6-7|cache:inst138|cache_line:inst127|lpm_decode0:inst18|lpm_decode:lpm_decode_component" CBX_FILE_NAME="decode_5sf.tdf"/>
		<CBX_INST_ENTRY INSTANCE_NAME="|lab6-7|cache:inst138|lpm_compare2:inst205|lpm_compare:lpm_compare_component" CBX_FILE_NAME="cmpr_87h.tdf"/>
		<CBX_INST_ENTRY INSTANCE_NAME="|lab6-7|cache:inst138|lpm_compare2:inst241|lpm_compare:lpm_compare_component" CBX_FILE_NAME="cmpr_87h.tdf"/>
		<CBX_INST_ENTRY INSTANCE_NAME="|lab6-7|cache:inst138|lpm_compare2:inst224|lpm_compare:lpm_compare_component" CBX_FILE_NAME="cmpr_87h.tdf"/>
		<CBX_INST_ENTRY INSTANCE_NAME="|lab6-7|cache:inst138|lpm_compare2:inst260|lpm_compare:lpm_compare_component" CBX_FILE_NAME="cmpr_87h.tdf"/>
		<CBX_INST_ENTRY INSTANCE_NAME="|lab6-7|cache:inst138|lpm_constant15:inst344|lpm_constant:lpm_constant_component" CBX_FILE_NAME="lpm_constant_sf6.tdf"/>
		<CBX_INST_ENTRY INSTANCE_NAME="|lab6-7|cache:inst138|lpm_counter20:inst535|lpm_counter:lpm_counter_component" CBX_FILE_NAME="cntr_ulh.tdf"/>
		<CBX_INST_ENTRY INSTANCE_NAME="|lab6-7|cache:inst138|lpm_compare0:inst407|lpm_compare:lpm_compare_component" CBX_FILE_NAME="cmpr_eig.tdf"/>
		<CBX_INST_ENTRY INSTANCE_NAME="|lab6-7|cache:inst138|lpm_compare2:inst207|lpm_compare:lpm_compare_component" CBX_FILE_NAME="cmpr_87h.tdf"/>
		<CBX_INST_ENTRY INSTANCE_NAME="|lab6-7|cache:inst138|lpm_compare2:inst243|lpm_compare:lpm_compare_component" CBX_FILE_NAME="cmpr_87h.tdf"/>
		<CBX_INST_ENTRY INSTANCE_NAME="|lab6-7|cache:inst138|lpm_constant1:inst89|lpm_constant:lpm_constant_component" CBX_FILE_NAME="lpm_constant_9e6.tdf"/>
		<CBX_INST_ENTRY INSTANCE_NAME="|lab6-7|cache:inst138|lpm_compare0:inst381|lpm_compare:lpm_compare_component" CBX_FILE_NAME="cmpr_eig.tdf"/>
		<CBX_INST_ENTRY INSTANCE_NAME="|lab6-7|cache:inst138|lpm_compare2:inst226|lpm_compare:lpm_compare_component" CBX_FILE_NAME="cmpr_87h.tdf"/>
		<CBX_INST_ENTRY INSTANCE_NAME="|lab6-7|cache:inst138|lpm_compare2:inst262|lpm_compare:lpm_compare_component" CBX_FILE_NAME="cmpr_87h.tdf"/>
		<CBX_INST_ENTRY INSTANCE_NAME="|lab6-7|cache:inst138|lpm_compare2:inst37|lpm_compare:lpm_compare_component" CBX_FILE_NAME="cmpr_87h.tdf"/>
		<CBX_INST_ENTRY INSTANCE_NAME="|lab6-7|cache:inst138|lpm_counter20:inst537|lpm_counter:lpm_counter_component" CBX_FILE_NAME="cntr_ulh.tdf"/>
		<CBX_INST_ENTRY INSTANCE_NAME="|lab6-7|cache:inst138|cache_line:inst|lpm_decode0:inst16|lpm_decode:lpm_decode_component" CBX_FILE_NAME="decode_5sf.tdf"/>
		<CBX_INST_ENTRY INSTANCE_NAME="|lab6-7|cache:inst138|lpm_compare0:inst364|lpm_compare:lpm_compare_component" CBX_FILE_NAME="cmpr_eig.tdf"/>
		<CBX_INST_ENTRY INSTANCE_NAME="|lab6-7|cache:inst138|lpm_compare2:inst209|lpm_compare:lpm_compare_component" CBX_FILE_NAME="cmpr_87h.tdf"/>
		<CBX_INST_ENTRY INSTANCE_NAME="|lab6-7|cache:inst138|lpm_compare2:inst245|lpm_compare:lpm_compare_component" CBX_FILE_NAME="cmpr_87h.tdf"/>
		<CBX_INST_ENTRY INSTANCE_NAME="|lab6-7|cache:inst138|lpm_compare2:inst281|lpm_compare:lpm_compare_component" CBX_FILE_NAME="cmpr_87h.tdf"/>
		<CBX_INST_ENTRY INSTANCE_NAME="|lab6-7|cache:inst138|lpm_compare2:inst183|lpm_compare:lpm_compare_component" CBX_FILE_NAME="cmpr_87h.tdf"/>
		<CBX_INST_ENTRY INSTANCE_NAME="|lab6-7|cache:inst138|lpm_compare2:inst228|lpm_compare:lpm_compare_component" CBX_FILE_NAME="cmpr_87h.tdf"/>
		<CBX_INST_ENTRY INSTANCE_NAME="|lab6-7|cache:inst138|lpm_compare2:inst264|lpm_compare:lpm_compare_component" CBX_FILE_NAME="cmpr_87h.tdf"/>
		<CBX_INST_ENTRY INSTANCE_NAME="|lab6-7|cache:inst138|lpm_constant8:inst337|lpm_constant:lpm_constant_component" CBX_FILE_NAME="lpm_constant_ge6.tdf"/>
		<CBX_INST_ENTRY INSTANCE_NAME="|lab6-7|cache:inst138|cache_line:inst|lpm_decode0:inst18|lpm_decode:lpm_decode_component" CBX_FILE_NAME="decode_5sf.tdf"/>
		<CBX_INST_ENTRY INSTANCE_NAME="|lab6-7|cache:inst138|lpm_compare2:inst247|lpm_compare:lpm_compare_component" CBX_FILE_NAME="cmpr_87h.tdf"/>
		<CBX_INST_ENTRY INSTANCE_NAME="|lab6-7|cache:inst138|lpm_compare2:inst283|lpm_compare:lpm_compare_component" CBX_FILE_NAME="cmpr_87h.tdf"/>
		<CBX_INST_ENTRY INSTANCE_NAME="|lab6-7|cache:inst138|lpm_constant7:inst69|lpm_constant:lpm_constant_component" CBX_FILE_NAME="lpm_constant_fe6.tdf"/>
		<CBX_INST_ENTRY INSTANCE_NAME="|lab6-7|cache:inst138|cache_line:inst3|lpm_decode0:inst16|lpm_decode:lpm_decode_component" CBX_FILE_NAME="decode_5sf.tdf"/>
		<CBX_INST_ENTRY INSTANCE_NAME="|lab6-7|cache:inst138|continuous_ram_control:inst98|lpm_mux4:inst44|LPM_MUX:lpm_mux_component" CBX_FILE_NAME="mux_24e.tdf"/>
		<CBX_INST_ENTRY INSTANCE_NAME="|lab6-7|cache:inst138|lpm_compare2:inst185|lpm_compare:lpm_compare_component" CBX_FILE_NAME="cmpr_87h.tdf"/>
		<CBX_INST_ENTRY INSTANCE_NAME="|lab6-7|cache:inst138|lpm_compare2:inst266|lpm_compare:lpm_compare_component" CBX_FILE_NAME="cmpr_87h.tdf"/>
		<CBX_INST_ENTRY INSTANCE_NAME="|lab6-7|cache:inst138|lpm_constant9:inst338|lpm_constant:lpm_constant_component" CBX_FILE_NAME="lpm_constant_he6.tdf"/>
		<CBX_INST_ENTRY INSTANCE_NAME="|lab6-7|cache:inst138|lpm_compare2:inst249|lpm_compare:lpm_compare_component" CBX_FILE_NAME="cmpr_87h.tdf"/>
		<CBX_INST_ENTRY INSTANCE_NAME="|lab6-7|cache:inst138|lpm_compare2:inst285|lpm_compare:lpm_compare_component" CBX_FILE_NAME="cmpr_87h.tdf"/>
		<CBX_INST_ENTRY INSTANCE_NAME="|lab6-7|cache:inst138|cache_line:inst3|lpm_decode0:inst18|lpm_decode:lpm_decode_component" CBX_FILE_NAME="decode_5sf.tdf"/>
		<CBX_INST_ENTRY INSTANCE_NAME="|lab6-7|cache:inst138|continuous_ram_control:inst98|lpm_counter1:inst38|lpm_counter:lpm_counter_component" CBX_FILE_NAME="cntr_bpi.tdf"/>
		<CBX_INST_ENTRY INSTANCE_NAME="|lab6-7|cache:inst138|lpm_compare0:inst20|lpm_compare:lpm_compare_component" CBX_FILE_NAME="cmpr_eig.tdf"/>
		<CBX_INST_ENTRY INSTANCE_NAME="|lab6-7|cache:inst138|lpm_compare0:inst387|lpm_compare:lpm_compare_component" CBX_FILE_NAME="cmpr_eig.tdf"/>
		<CBX_INST_ENTRY INSTANCE_NAME="|lab6-7|cache:inst138|lpm_compare2:inst187|lpm_compare:lpm_compare_component" CBX_FILE_NAME="cmpr_87h.tdf"/>
		<CBX_INST_ENTRY INSTANCE_NAME="|lab6-7|cache:inst138|lpm_compare2:inst268|lpm_compare:lpm_compare_component" CBX_FILE_NAME="cmpr_87h.tdf"/>
	</PROJECT>
</LOG_ROOT>
