<?xml version="1.0" ?>
<LOG_ROOT>
	<PROJECT NAME="Laba3">
		<CBX_INST_ENTRY INSTANCE_NAME="|Laba3|control:inst9|lpm_compare0:inst2|lpm_compare:lpm_compare_component" CBX_FILE_NAME="cmpr_o8j.tdf"/>
		<CBX_INST_ENTRY INSTANCE_NAME="|Laba3|control:inst9|lpm_counter5:inst11|lpm_counter:lpm_counter_component" CBX_FILE_NAME="cntr_04i.tdf"/>
		<CBX_INST_ENTRY INSTANCE_NAME="|Laba3|lpm_rom3:inst|altsyncram:altsyncram_component" CBX_FILE_NAME="altsyncram_4i71.tdf"/>
		<CBX_INST_ENTRY INSTANCE_NAME="|Laba3|buffer:inst26|lpm_counter0:inst35|lpm_counter:lpm_counter_component" CBX_FILE_NAME="cntr_q3i.tdf"/>
		<CBX_INST_ENTRY INSTANCE_NAME="|Laba3|control:inst9|lpm_compare3:inst8|lpm_compare:lpm_compare_component" CBX_FILE_NAME="cmpr_t8j.tdf"/>
		<CBX_INST_ENTRY INSTANCE_NAME="|Laba3|address:inst4|lpm_counter2:inst7|lpm_counter:lpm_counter_component" CBX_FILE_NAME="cntr_04i.tdf"/>
		<CBX_INST_ENTRY INSTANCE_NAME="|Laba3|buffer:inst26|lpm_add_sub1:inst19|lpm_add_sub:lpm_add_sub_component" CBX_FILE_NAME="add_sub_tph.tdf"/>
		<CBX_INST_ENTRY INSTANCE_NAME="|Laba3|buffer:inst26|lpm_add_sub2:inst27|lpm_add_sub:lpm_add_sub_component" CBX_FILE_NAME="add_sub_tph.tdf"/>
		<CBX_INST_ENTRY INSTANCE_NAME="|Laba3|buffer:inst26|lpm_compare15:inst6|lpm_compare:lpm_compare_component" CBX_FILE_NAME="cmpr_g8j.tdf"/>
		<CBX_INST_ENTRY INSTANCE_NAME="|Laba3|buffer:inst26|lpm_compare21:inst18|lpm_compare:lpm_compare_component" CBX_FILE_NAME="cmpr_kni.tdf"/>
		<CBX_INST_ENTRY INSTANCE_NAME="|Laba3|address:inst4|lpm_add_sub4:inst13|lpm_add_sub:lpm_add_sub_component" CBX_FILE_NAME="add_sub_3qh.tdf"/>
		<CBX_INST_ENTRY INSTANCE_NAME="|Laba3|address:inst4|lpm_add_sub7:inst1|lpm_add_sub:lpm_add_sub_component" CBX_FILE_NAME="add_sub_3qh.tdf"/>
		<CBX_INST_ENTRY INSTANCE_NAME="|Laba3|address:inst4|lpm_compare19:inst21|lpm_compare:lpm_compare_component" CBX_FILE_NAME="cmpr_o8j.tdf"/>
		<CBX_INST_ENTRY INSTANCE_NAME="|Laba3|address:inst4|lpm_compare7:inst6|lpm_compare:lpm_compare_component" CBX_FILE_NAME="cmpr_m8j.tdf"/>
		<CBX_INST_ENTRY INSTANCE_NAME="|Laba3|address:inst4|lpm_counter4:inst20|lpm_counter:lpm_counter_component" CBX_FILE_NAME="cntr_ulh.tdf"/>
		<CBX_INST_ENTRY INSTANCE_NAME="|Laba3|buffer:inst26|lpm_compare8:inst9|lpm_compare:lpm_compare_component" CBX_FILE_NAME="cmpr_t8j.tdf"/>
		<CBX_INST_ENTRY INSTANCE_NAME="|Laba3|buffer:inst26|lpm_counter6:inst8|lpm_counter:lpm_counter_component" CBX_FILE_NAME="cntr_q3i.tdf"/>
		<CBX_INST_ENTRY INSTANCE_NAME="|Laba3|control:inst9|lpm_compare2:inst7|lpm_compare:lpm_compare_component" CBX_FILE_NAME="cmpr_o8j.tdf"/>
		<CBX_INST_ENTRY INSTANCE_NAME="|Laba3|control:inst9|lpm_compare4:inst10|lpm_compare:lpm_compare_component" CBX_FILE_NAME="cmpr_m8j.tdf"/>
		<CBX_INST_ENTRY INSTANCE_NAME="|Laba3|buffer:inst26|lpm_compare9:inst14|lpm_compare:lpm_compare_component" CBX_FILE_NAME="cmpr_g8j.tdf"/>
		<CBX_INST_ENTRY INSTANCE_NAME="|Laba3|buffer:inst26|lpm_counter2:inst1|lpm_counter:lpm_counter_component" CBX_FILE_NAME="cntr_04i.tdf"/>
		<CBX_INST_ENTRY INSTANCE_NAME="|Laba3|control:inst9|lpm_compare1:inst5|lpm_compare:lpm_compare_component" CBX_FILE_NAME="cmpr_t8j.tdf"/>
		<CBX_INST_ENTRY INSTANCE_NAME="|Laba3|control:inst9|lpm_counter3:inst17|lpm_counter:lpm_counter_component" CBX_FILE_NAME="cntr_04i.tdf"/>
		<CBX_INST_ENTRY INSTANCE_NAME="|Laba3|lpm_ram_dq8:inst1|altsyncram:altsyncram_component" CBX_FILE_NAME="altsyncram_r9a1.tdf"/>
		<CBX_INST_ENTRY INSTANCE_NAME="|Laba3|buffer:inst26|lpm_compare10:inst15|lpm_compare:lpm_compare_component" CBX_FILE_NAME="cmpr_g8j.tdf"/>
		<CBX_INST_ENTRY INSTANCE_NAME="|Laba3|address:inst4|lpm_counter1:inst4|lpm_counter:lpm_counter_component" CBX_FILE_NAME="cntr_pki.tdf"/>
		<CBX_INST_ENTRY INSTANCE_NAME="|Laba3|buffer:inst26|lpm_mux2:inst23|LPM_MUX:lpm_mux_component" CBX_FILE_NAME="mux_c4e.tdf"/>
		<CBX_INST_ENTRY INSTANCE_NAME="|Laba3|control:inst9|lpm_compare5:inst12|lpm_compare:lpm_compare_component" CBX_FILE_NAME="cmpr_sni.tdf"/>
	</PROJECT>
</LOG_ROOT>
