<?xml version="1.0" ?>
<LOG_ROOT>
	<PROJECT NAME="lab4">
		<CBX_INST_ENTRY INSTANCE_NAME="|main|ROM:inst1|lpm_rom0:inst2|altsyncram:altsyncram_component" CBX_FILE_NAME="altsyncram_os61.tdf"/>
		<CBX_INST_ENTRY INSTANCE_NAME="|main|device_control:inst|lpm_counter0:inst3|lpm_counter:lpm_counter_component" CBX_FILE_NAME="cntr_svi.tdf"/>
		<CBX_INST_ENTRY INSTANCE_NAME="|main|device_control:inst|lpm_counter1:inst11|lpm_counter:lpm_counter_component" CBX_FILE_NAME="cntr_pki.tdf"/>
		<CBX_INST_ENTRY INSTANCE_NAME="|main|device_control:inst|lpm_decode0:inst7|lpm_decode:lpm_decode_component" CBX_FILE_NAME="decode_p7f.tdf"/>
		<CBX_INST_ENTRY INSTANCE_NAME="|main|POH:inst7|lpm_constant0:inst13|lpm_constant:lpm_constant_component" CBX_FILE_NAME="lpm_constant_4e6.tdf"/>
		<CBX_INST_ENTRY INSTANCE_NAME="|main|POH:inst7|lpm_constant1:inst14|lpm_constant:lpm_constant_component" CBX_FILE_NAME="lpm_constant_8k6.tdf"/>
		<CBX_INST_ENTRY INSTANCE_NAME="|main|POH:inst7|lpm_mux0:inst8|lpm_mux:lpm_mux_component" CBX_FILE_NAME="mux_l5e.tdf"/>
		<CBX_INST_ENTRY INSTANCE_NAME="|main|RAM:inst9|lpm_ram_dq0:inst1|altsyncram:altsyncram_component" CBX_FILE_NAME="altsyncram_dvb1.tdf"/>
		<CBX_INST_ENTRY INSTANCE_NAME="|main|device_control:inst|BUSMUX:inst4|lpm_mux:$00000" CBX_FILE_NAME="mux_unc.tdf"/>
		<CBX_INST_ENTRY INSTANCE_NAME="|main|device_control:inst|lpm_add_sub0:inst2|lpm_add_sub:lpm_add_sub_component" CBX_FILE_NAME="add_sub_6jj.tdf"/>
		<CBX_INST_ENTRY INSTANCE_NAME="|main|device_control:inst|lpm_decode1:inst10|lpm_decode:lpm_decode_component" CBX_FILE_NAME="decode_u7f.tdf"/>
	</PROJECT>
</LOG_ROOT>
