<?xml version="1.0" ?>
<LOG_ROOT>
	<PROJECT NAME="lab2">
		<CBX_INST_ENTRY INSTANCE_NAME="|lab2|Block1_dop:inst5|lpm_compare4:inst7|lpm_compare:lpm_compare_component" CBX_FILE_NAME="cmpr_fig.tdf"/>
		<CBX_INST_ENTRY INSTANCE_NAME="|lab2|Block2:inst8|lpm_counter1:inst5|lpm_counter:lpm_counter_component" CBX_FILE_NAME="cntr_s3i.tdf"/>
		<CBX_INST_ENTRY INSTANCE_NAME="|lab2|Block3:inst14|lpm_decode0:inst|lpm_decode:lpm_decode_component" CBX_FILE_NAME="decode_ltf.tdf"/>
		<CBX_INST_ENTRY INSTANCE_NAME="|lab2|Block1_dop:inst5|lpm_add_sub0:inst5|lpm_add_sub:lpm_add_sub_component" CBX_FILE_NAME="add_sub_fmh.tdf"/>
		<CBX_INST_ENTRY INSTANCE_NAME="|lab2|Block1_dop:inst5|lpm_counter3:inst|lpm_counter:lpm_counter_component" CBX_FILE_NAME="cntr_04i.tdf"/>
		<CBX_INST_ENTRY INSTANCE_NAME="|lab2|Block2:inst8|lpm_compare0:inst2|lpm_compare:lpm_compare_component" CBX_FILE_NAME="cmpr_p8j.tdf"/>
		<CBX_INST_ENTRY INSTANCE_NAME="|lab2|Block3:inst14|lpm_counter2:inst3|lpm_counter:lpm_counter_component" CBX_FILE_NAME="cntr_qlh.tdf"/>
		<CBX_INST_ENTRY INSTANCE_NAME="|lab2|Block1_dop:inst5|lpm_compare2:inst3|lpm_compare:lpm_compare_component" CBX_FILE_NAME="cmpr_mlg.tdf"/>
		<CBX_INST_ENTRY INSTANCE_NAME="|lab2|Block2:inst8|lpm_compare1:inst6|lpm_compare:lpm_compare_component" CBX_FILE_NAME="cmpr_i8j.tdf"/>
		<CBX_INST_ENTRY INSTANCE_NAME="|lab2|Block2:inst8|lpm_counter0:inst|lpm_counter:lpm_counter_component" CBX_FILE_NAME="cntr_s3i.tdf"/>
	</PROJECT>
</LOG_ROOT>
